CREATE DATABASE  IF NOT EXISTS `academugod` /*!40100 DEFAULT CHARACTER SET latin1 */ /*!80016 DEFAULT ENCRYPTION='N' */;
USE `academugod`;
-- MySQL dump 10.13  Distrib 8.0.20, for Win64 (x86_64)
--
-- Host: 127.0.0.1    Database: academugod
-- ------------------------------------------------------
-- Server version	8.0.20

/*!40101 SET @OLD_CHARACTER_SET_CLIENT=@@CHARACTER_SET_CLIENT */;
/*!40101 SET @OLD_CHARACTER_SET_RESULTS=@@CHARACTER_SET_RESULTS */;
/*!40101 SET @OLD_COLLATION_CONNECTION=@@COLLATION_CONNECTION */;
/*!50503 SET NAMES utf8 */;
/*!40103 SET @OLD_TIME_ZONE=@@TIME_ZONE */;
/*!40103 SET TIME_ZONE='+00:00' */;
/*!40014 SET @OLD_UNIQUE_CHECKS=@@UNIQUE_CHECKS, UNIQUE_CHECKS=0 */;
/*!40014 SET @OLD_FOREIGN_KEY_CHECKS=@@FOREIGN_KEY_CHECKS, FOREIGN_KEY_CHECKS=0 */;
/*!40101 SET @OLD_SQL_MODE=@@SQL_MODE, SQL_MODE='NO_AUTO_VALUE_ON_ZERO' */;
/*!40111 SET @OLD_SQL_NOTES=@@SQL_NOTES, SQL_NOTES=0 */;

--
-- Table structure for table `administrativos`
--

DROP TABLE IF EXISTS `administrativos`;
/*!40101 SET @saved_cs_client     = @@character_set_client */;
/*!50503 SET character_set_client = utf8mb4 */;
CREATE TABLE `administrativos` (
  `id_administrativo` int NOT NULL AUTO_INCREMENT,
  `nombre` varchar(50) CHARACTER SET latin1 COLLATE latin1_swedish_ci NOT NULL,
  `apellido` varchar(50) CHARACTER SET latin1 COLLATE latin1_swedish_ci NOT NULL,
  `id_usuario` int DEFAULT NULL,
  `cargo` varchar(45) CHARACTER SET latin1 COLLATE latin1_swedish_ci NOT NULL,
  PRIMARY KEY (`id_administrativo`),
  UNIQUE KEY `id_usuario` (`id_usuario`),
  CONSTRAINT `administrativos_ibfk_1` FOREIGN KEY (`id_usuario`) REFERENCES `usuarios` (`id_usuario`)
) ENGINE=InnoDB AUTO_INCREMENT=225 DEFAULT CHARSET=latin1 COLLATE=latin1_spanish_ci;
/*!40101 SET character_set_client = @saved_cs_client */;

--
-- Dumping data for table `administrativos`
--

LOCK TABLES `administrativos` WRITE;
/*!40000 ALTER TABLE `administrativos` DISABLE KEYS */;
INSERT INTO `administrativos` VALUES (223,'Nicolas','Muñoz',6,'Coordinador'),(224,'Jerson','Gallego',7,'Director');
/*!40000 ALTER TABLE `administrativos` ENABLE KEYS */;
UNLOCK TABLES;

--
-- Table structure for table `calificaciones`
--

DROP TABLE IF EXISTS `calificaciones`;
/*!40101 SET @saved_cs_client     = @@character_set_client */;
/*!50503 SET character_set_client = utf8mb4 */;
CREATE TABLE `calificaciones` (
  `id_calificacion` int NOT NULL AUTO_INCREMENT,
  `id_materia` int DEFAULT NULL,
  `nota_c1` float DEFAULT NULL,
  `nota_c2` float DEFAULT NULL,
  `nota_c3` float DEFAULT NULL,
  PRIMARY KEY (`id_calificacion`),
  KEY `calificaciones_ibfk_2_idx` (`id_materia`),
  CONSTRAINT `calificaciones_ibfk_2` FOREIGN KEY (`id_materia`) REFERENCES `registro_materias` (`id_registro`)
) ENGINE=InnoDB AUTO_INCREMENT=8 DEFAULT CHARSET=latin1 COLLATE=latin1_spanish_ci;
/*!40101 SET character_set_client = @saved_cs_client */;

--
-- Dumping data for table `calificaciones`
--

LOCK TABLES `calificaciones` WRITE;
/*!40000 ALTER TABLE `calificaciones` DISABLE KEYS */;
INSERT INTO `calificaciones` VALUES (2,4,5,5,4),(5,3,3.5,4,4.5),(7,8,4,4,4);
/*!40000 ALTER TABLE `calificaciones` ENABLE KEYS */;
UNLOCK TABLES;

--
-- Table structure for table `estudiantes`
--

DROP TABLE IF EXISTS `estudiantes`;
/*!40101 SET @saved_cs_client     = @@character_set_client */;
/*!50503 SET character_set_client = utf8mb4 */;
CREATE TABLE `estudiantes` (
  `id_estudiante` int NOT NULL AUTO_INCREMENT,
  `nombre` varchar(50) CHARACTER SET latin1 COLLATE latin1_swedish_ci NOT NULL,
  `apellido` varchar(50) CHARACTER SET latin1 COLLATE latin1_swedish_ci NOT NULL,
  `numero_estudiante` varchar(20) CHARACTER SET latin1 COLLATE latin1_swedish_ci NOT NULL,
  `id_usuario` int DEFAULT NULL,
  PRIMARY KEY (`id_estudiante`),
  UNIQUE KEY `id_usuario` (`id_usuario`),
  CONSTRAINT `estudiantes_ibfk_1` FOREIGN KEY (`id_usuario`) REFERENCES `usuarios` (`id_usuario`)
) ENGINE=InnoDB AUTO_INCREMENT=791 DEFAULT CHARSET=latin1 COLLATE=latin1_spanish_ci;
/*!40101 SET character_set_client = @saved_cs_client */;

--
-- Dumping data for table `estudiantes`
--

LOCK TABLES `estudiantes` WRITE;
/*!40000 ALTER TABLE `estudiantes` DISABLE KEYS */;
INSERT INTO `estudiantes` VALUES (1,'Duvan ','Gonzalez','123456789',1),(2,'Jorge','Orozco','1073247105',2),(3,'Yulieth','Lastname','5646466547',3);
/*!40000 ALTER TABLE `estudiantes` ENABLE KEYS */;
UNLOCK TABLES;

--
-- Table structure for table `horario`
--

DROP TABLE IF EXISTS `horario`;
/*!40101 SET @saved_cs_client     = @@character_set_client */;
/*!50503 SET character_set_client = utf8mb4 */;
CREATE TABLE `horario` (
  `id_horario` int NOT NULL AUTO_INCREMENT,
  `id_materia` int DEFAULT NULL,
  `id_profesor` int DEFAULT NULL,
  `dia_semana` varchar(20) CHARACTER SET latin1 COLLATE latin1_swedish_ci NOT NULL,
  `hora_inicio` time NOT NULL,
  `hora_fin` time NOT NULL,
  `aula` varchar(20) CHARACTER SET latin1 COLLATE latin1_swedish_ci NOT NULL,
  PRIMARY KEY (`id_horario`),
  KEY `id_materia` (`id_materia`),
  KEY `id_profesor` (`id_profesor`),
  CONSTRAINT `horario_ibfk_1` FOREIGN KEY (`id_materia`) REFERENCES `materias` (`id_materia`),
  CONSTRAINT `horario_ibfk_2` FOREIGN KEY (`id_profesor`) REFERENCES `profesores` (`id_profesor`)
) ENGINE=InnoDB AUTO_INCREMENT=8 DEFAULT CHARSET=latin1 COLLATE=latin1_spanish_ci;
/*!40101 SET character_set_client = @saved_cs_client */;

--
-- Dumping data for table `horario`
--

LOCK TABLES `horario` WRITE;
/*!40000 ALTER TABLE `horario` DISABLE KEYS */;
INSERT INTO `horario` VALUES (1,5,1,'MARTES\r\n','18:00:00','20:00:00','19\r\n'),(2,5,2,'JUEVES\r\n','18:00:00','20:00:00','18\r\n'),(3,8,1,'VIERNES\r\n','18:00:00','20:00:00','15\r\n'),(4,7,2,'MIERCOLES','18:00:00','20:00:00','20'),(5,12,1,'LUNES','18:00:00','20:00:00','12'),(6,10,2,'VIERNES','20:00:00','22:00:00','5'),(7,7,2,'LUNES','20:00:00','22:00:00','15');
/*!40000 ALTER TABLE `horario` ENABLE KEYS */;
UNLOCK TABLES;

--
-- Table structure for table `materias`
--

DROP TABLE IF EXISTS `materias`;
/*!40101 SET @saved_cs_client     = @@character_set_client */;
/*!50503 SET character_set_client = utf8mb4 */;
CREATE TABLE `materias` (
  `id_materia` int NOT NULL AUTO_INCREMENT,
  `nombre` varchar(100) CHARACTER SET latin1 COLLATE latin1_swedish_ci NOT NULL,
  `codigo_curso` varchar(20) CHARACTER SET latin1 COLLATE latin1_swedish_ci NOT NULL,
  `creditos` int NOT NULL,
  PRIMARY KEY (`id_materia`)
) ENGINE=InnoDB AUTO_INCREMENT=16 DEFAULT CHARSET=latin1 COLLATE=latin1_spanish_ci;
/*!40101 SET character_set_client = @saved_cs_client */;

--
-- Dumping data for table `materias`
--

LOCK TABLES `materias` WRITE;
/*!40000 ALTER TABLE `materias` DISABLE KEYS */;
INSERT INTO `materias` VALUES (5,'Ingenieria de Software II','ISII',3),(6,'Sistemas Operativos I','SOI',3),(7,'Redes III','RIII',3),(8,'Ciberdefensa','CD',3),(9,'Metodologia de la Investigacion','MDLI',3),(10,'Investigacion de Operaciones','IDO',3),(11,'Redes II','RII',3),(12,'Programacion I','PI',3),(13,'Programacion II','PII',3),(14,'Programacion III','PIII',3),(15,'Redes I','RI',3);
/*!40000 ALTER TABLE `materias` ENABLE KEYS */;
UNLOCK TABLES;

--
-- Table structure for table `profesores`
--

DROP TABLE IF EXISTS `profesores`;
/*!40101 SET @saved_cs_client     = @@character_set_client */;
/*!50503 SET character_set_client = utf8mb4 */;
CREATE TABLE `profesores` (
  `id_profesor` int NOT NULL AUTO_INCREMENT,
  `nombre` varchar(50) CHARACTER SET latin1 COLLATE latin1_swedish_ci NOT NULL,
  `apellido` varchar(50) CHARACTER SET latin1 COLLATE latin1_swedish_ci NOT NULL,
  `id_usuario` int DEFAULT NULL,
  `tipo_identificacion` varchar(10) CHARACTER SET latin1 COLLATE latin1_swedish_ci NOT NULL,
  `no_identificacion` varchar(45) CHARACTER SET latin1 COLLATE latin1_swedish_ci NOT NULL,
  PRIMARY KEY (`id_profesor`),
  UNIQUE KEY `id_usuario` (`id_usuario`),
  CONSTRAINT `profesores_ibfk_1` FOREIGN KEY (`id_usuario`) REFERENCES `usuarios` (`id_usuario`)
) ENGINE=InnoDB AUTO_INCREMENT=41 DEFAULT CHARSET=latin1 COLLATE=latin1_spanish_ci;
/*!40101 SET character_set_client = @saved_cs_client */;

--
-- Dumping data for table `profesores`
--

LOCK TABLES `profesores` WRITE;
/*!40000 ALTER TABLE `profesores` DISABLE KEYS */;
INSERT INTO `profesores` VALUES (1,'Edrian','Sandoval',5,'CC','1073243098'),(2,'Hernan','Jambooz',4,'CC','1073569875');
/*!40000 ALTER TABLE `profesores` ENABLE KEYS */;
UNLOCK TABLES;

--
-- Table structure for table `registro_materias`
--

DROP TABLE IF EXISTS `registro_materias`;
/*!40101 SET @saved_cs_client     = @@character_set_client */;
/*!50503 SET character_set_client = utf8mb4 */;
CREATE TABLE `registro_materias` (
  `id_registro` int NOT NULL AUTO_INCREMENT,
  `id_estudiante` int DEFAULT NULL,
  `id_materia` int DEFAULT NULL,
  `año_academico` varchar(50) CHARACTER SET utf8 NOT NULL DEFAULT '2024',
  PRIMARY KEY (`id_registro`),
  KEY `id_estudiante` (`id_estudiante`),
  KEY `registro_materias_ibfk_2_idx` (`id_materia`),
  CONSTRAINT `registro_materias_ibfk_1` FOREIGN KEY (`id_estudiante`) REFERENCES `estudiantes` (`id_estudiante`),
  CONSTRAINT `registro_materias_ibfk_2` FOREIGN KEY (`id_materia`) REFERENCES `horario` (`id_horario`)
) ENGINE=InnoDB AUTO_INCREMENT=10 DEFAULT CHARSET=latin1 COLLATE=latin1_spanish_ci;
/*!40101 SET character_set_client = @saved_cs_client */;

--
-- Dumping data for table `registro_materias`
--

LOCK TABLES `registro_materias` WRITE;
/*!40000 ALTER TABLE `registro_materias` DISABLE KEYS */;
INSERT INTO `registro_materias` VALUES (1,1,1,'2024'),(2,3,2,'2024'),(3,1,4,'2024'),(4,2,5,'2024'),(5,3,3,'2024'),(6,2,6,'2024'),(7,1,7,'2024'),(8,3,7,'2024');
/*!40000 ALTER TABLE `registro_materias` ENABLE KEYS */;
UNLOCK TABLES;

--
-- Table structure for table `temperaturas`
--

DROP TABLE IF EXISTS `temperaturas`;
/*!40101 SET @saved_cs_client     = @@character_set_client */;
/*!50503 SET character_set_client = utf8mb4 */;
CREATE TABLE `temperaturas` (
  `id_register` int NOT NULL AUTO_INCREMENT,
  `temperatura` float NOT NULL,
  `humedad` float NOT NULL,
  `datetime` datetime DEFAULT (now()),
  PRIMARY KEY (`id_register`) USING BTREE
) ENGINE=InnoDB AUTO_INCREMENT=2978 DEFAULT CHARSET=latin1 COLLATE=latin1_spanish_ci;
/*!40101 SET character_set_client = @saved_cs_client */;

--
-- Dumping data for table `temperaturas`
--

LOCK TABLES `temperaturas` WRITE;
/*!40000 ALTER TABLE `temperaturas` DISABLE KEYS */;
INSERT INTO `temperaturas` VALUES (1921,23,59.7,'2024-11-07 01:13:53'),(1922,23,59.7,'2024-11-07 01:13:59'),(1923,23,59.7,'2024-11-07 01:14:04'),(1924,23,59.7,'2024-11-07 01:14:13'),(1925,23,59.7,'2024-11-07 01:14:19'),(1926,23,59.7,'2024-11-07 01:14:25'),(1927,23,59.7,'2024-11-07 01:14:31'),(1928,23,59.7,'2024-11-07 01:14:37'),(1929,23,59.8,'2024-11-07 01:14:43'),(1930,23,59.9,'2024-11-07 01:14:49'),(1931,23,59.9,'2024-11-07 01:15:01'),(1932,23,59.9,'2024-11-07 01:15:07'),(1933,23,59.9,'2024-11-07 01:15:13'),(1934,23,59.9,'2024-11-07 01:15:19'),(1935,23,59.9,'2024-11-07 01:15:25'),(1936,23,59.9,'2024-11-07 01:15:31'),(1937,23,60,'2024-11-07 01:15:44'),(1938,23,60,'2024-11-07 01:15:50'),(1939,23,59.9,'2024-11-07 01:15:56'),(1940,23,59.9,'2024-11-07 01:16:04'),(1941,23,60.1,'2024-11-07 01:16:12'),(1942,23,60,'2024-11-07 01:16:19'),(1943,23,59.9,'2024-11-07 01:16:25'),(1944,23,59.9,'2024-11-07 01:16:30'),(1945,23,59.9,'2024-11-07 01:16:36'),(1946,23,59.9,'2024-11-07 01:16:42'),(1947,23,59.8,'2024-11-07 01:16:48'),(1948,23,59.8,'2024-11-07 01:16:54'),(1949,23,59.8,'2024-11-07 01:17:00'),(1950,23,59.8,'2024-11-07 01:17:06'),(1951,23,59.8,'2024-11-07 01:17:12'),(1952,23,59.8,'2024-11-07 01:17:18'),(1953,23,59.8,'2024-11-07 01:17:24'),(1954,23,59.8,'2024-11-07 01:17:30'),(1955,23,59.8,'2024-11-07 01:17:36'),(1956,23,59.8,'2024-11-07 01:17:51'),(1957,23,59.8,'2024-11-07 01:17:57'),(1958,23,59.8,'2024-11-07 01:18:03'),(1959,23,59.8,'2024-11-07 01:18:09'),(1960,23,59.9,'2024-11-07 01:18:15'),(1961,23,59.9,'2024-11-07 01:18:21'),(1962,23,60,'2024-11-07 01:18:27'),(1963,23,60,'2024-11-07 01:18:33'),(1964,23,60,'2024-11-07 01:18:39'),(1965,23,60,'2024-11-07 01:18:45'),(1966,23,59.9,'2024-11-07 01:18:51'),(1967,22.9,59.9,'2024-11-07 01:18:57'),(1968,22.9,59.9,'2024-11-07 01:19:03'),(1969,22.9,60,'2024-11-07 01:19:09'),(1970,22.9,60,'2024-11-07 01:19:15'),(1971,22.9,60,'2024-11-07 01:19:21'),(1972,22.9,60,'2024-11-07 01:19:27'),(1973,22.9,60,'2024-11-07 01:19:33'),(1974,22.9,60,'2024-11-07 01:19:40'),(1975,22.9,60,'2024-11-07 01:19:46'),(1976,22.9,60,'2024-11-07 01:19:52'),(1977,22.9,60,'2024-11-07 01:19:58'),(1978,22.9,60,'2024-11-07 01:20:04'),(1979,22.9,60.1,'2024-11-07 01:20:09'),(1980,22.8,60.1,'2024-11-07 01:20:15'),(1981,22.8,60.1,'2024-11-07 01:20:21'),(1982,22.8,60.2,'2024-11-07 01:20:27'),(1983,22.8,60.2,'2024-11-07 01:20:33'),(1984,22.8,60.2,'2024-11-07 01:20:40'),(1985,22.8,60.2,'2024-11-07 01:20:46'),(1986,22.8,60.2,'2024-11-07 01:20:52'),(1987,22.8,60.2,'2024-11-07 01:20:58'),(1988,22.8,60.3,'2024-11-07 01:21:04'),(1989,22.8,60.3,'2024-11-07 01:21:10'),(1990,22.8,60.3,'2024-11-07 01:21:17'),(1991,22.8,60.3,'2024-11-07 01:21:23'),(1992,22.8,60.3,'2024-11-07 01:21:29'),(1993,22.8,60.3,'2024-11-07 01:21:35'),(1994,22.8,60.3,'2024-11-07 01:21:42'),(1995,22.8,60.3,'2024-11-07 01:21:48'),(1996,22.8,60.3,'2024-11-07 01:21:54'),(1997,22.8,60.3,'2024-11-07 01:22:00'),(1998,22.8,60.3,'2024-11-07 01:22:06'),(1999,22.8,60.4,'2024-11-07 01:22:12'),(2000,22.8,60.4,'2024-11-07 01:22:19'),(2001,22.8,60.4,'2024-11-07 01:22:35'),(2002,22.8,60.5,'2024-11-07 01:22:35'),(2003,22.7,60.5,'2024-11-07 01:22:52'),(2004,22.7,60.5,'2024-11-07 01:22:58'),(2005,22.7,60.6,'2024-11-07 01:23:04'),(2006,22.7,60.6,'2024-11-07 01:23:12'),(2007,22.7,60.6,'2024-11-07 01:23:18'),(2008,22.7,60.6,'2024-11-07 01:23:25'),(2009,22.7,60.6,'2024-11-07 01:23:31'),(2010,22.7,60.6,'2024-11-07 01:23:50'),(2011,22.8,60.6,'2024-11-07 01:23:57'),(2012,22.8,60.6,'2024-11-07 01:24:03'),(2013,22.8,60.6,'2024-11-07 01:24:09'),(2014,22.8,60.6,'2024-11-07 01:24:15'),(2015,22.8,60.6,'2024-11-07 01:24:21'),(2016,22.8,60.5,'2024-11-07 01:24:27'),(2017,22.8,60.5,'2024-11-07 01:24:33'),(2018,22.8,60.5,'2024-11-07 01:24:39'),(2019,22.8,60.5,'2024-11-07 01:24:46'),(2020,22.8,60.4,'2024-11-07 01:24:54'),(2021,22.8,60.5,'2024-11-07 01:25:01'),(2022,22.8,60.5,'2024-11-07 01:25:07'),(2023,22.8,60.5,'2024-11-07 01:25:13'),(2024,22.7,60.5,'2024-11-07 01:25:19'),(2025,22.7,60.6,'2024-11-07 01:25:25'),(2026,22.7,60.7,'2024-11-07 01:25:44'),(2027,22.7,60.7,'2024-11-07 01:25:50'),(2028,22.7,60.8,'2024-11-07 01:25:56'),(2029,22.7,60.8,'2024-11-07 01:26:03'),(2030,22.8,60.8,'2024-11-07 01:26:11'),(2031,22.8,60.9,'2024-11-07 01:26:28'),(2032,22.8,60.9,'2024-11-07 01:26:34'),(2033,22.8,60.9,'2024-11-07 01:26:40'),(2034,22.8,60.9,'2024-11-07 01:26:46'),(2035,22.8,60.9,'2024-11-07 01:26:52'),(2036,22.8,60.9,'2024-11-07 01:26:58'),(2037,22.8,60.9,'2024-11-07 01:27:04'),(2038,22.9,60.9,'2024-11-07 01:27:10'),(2039,22.9,60.8,'2024-11-07 01:27:16'),(2040,22.9,60.8,'2024-11-07 01:27:32'),(2041,22.9,60.8,'2024-11-07 01:27:33'),(2042,22.9,60.8,'2024-11-07 01:27:44'),(2043,22.9,60.8,'2024-11-07 01:27:50'),(2044,22.9,60.8,'2024-11-07 01:27:56'),(2045,22.9,60.8,'2024-11-07 01:28:02'),(2046,22.9,60.8,'2024-11-07 01:28:08'),(2047,22.9,60.8,'2024-11-07 01:28:13'),(2048,22.9,60.8,'2024-11-07 01:28:19'),(2049,22.8,60.8,'2024-11-07 01:28:25'),(2050,22.8,60.8,'2024-11-07 01:28:32'),(2051,22.8,60.8,'2024-11-07 01:28:38'),(2052,22.8,60.8,'2024-11-07 01:28:44'),(2053,22.8,60.8,'2024-11-07 01:28:50'),(2054,22.8,60.9,'2024-11-07 01:28:57'),(2055,22.8,60.9,'2024-11-07 01:29:02'),(2056,22.8,60.9,'2024-11-07 01:29:08'),(2057,22.8,60.9,'2024-11-07 01:29:14'),(2058,22.8,60.9,'2024-11-07 01:29:20'),(2059,22.8,60.9,'2024-11-07 01:29:26'),(2060,22.8,60.9,'2024-11-07 01:29:33'),(2061,22.8,60.9,'2024-11-07 01:29:41'),(2062,22.8,61,'2024-11-07 01:29:47'),(2063,22.8,61,'2024-11-07 01:29:54'),(2064,22.8,61,'2024-11-07 01:30:00'),(2065,22.8,61,'2024-11-07 01:30:06'),(2066,22.8,61,'2024-11-07 01:30:12'),(2067,22.8,61,'2024-11-07 01:30:19'),(2068,22.8,61,'2024-11-07 01:30:24'),(2069,22.8,61,'2024-11-07 01:30:30'),(2070,22.8,61,'2024-11-07 01:30:36'),(2071,22.8,61,'2024-11-07 01:30:43'),(2072,22.8,61.1,'2024-11-07 01:30:49'),(2073,22.8,61.1,'2024-11-07 01:30:55'),(2074,22.8,61.1,'2024-11-07 01:31:04'),(2075,22.8,61.1,'2024-11-07 01:31:10'),(2076,22.8,61.1,'2024-11-07 01:31:16'),(2077,22.8,61.1,'2024-11-07 01:31:22'),(2078,22.8,61.1,'2024-11-07 01:31:28'),(2079,22.8,61.1,'2024-11-07 01:31:35'),(2080,22.8,61.1,'2024-11-07 01:31:41'),(2081,22.8,61.1,'2024-11-07 01:31:47'),(2082,22.8,61.1,'2024-11-07 01:31:53'),(2083,22.8,61.1,'2024-11-07 01:32:00'),(2084,22.8,61.1,'2024-11-07 01:32:06'),(2085,22.8,61.2,'2024-11-07 01:32:12'),(2086,22.8,61.2,'2024-11-07 01:32:18'),(2087,22.8,61.2,'2024-11-07 01:32:24'),(2088,22.8,61.2,'2024-11-07 01:32:31'),(2089,22.8,61.2,'2024-11-07 01:32:37'),(2090,22.8,61.3,'2024-11-07 01:32:43'),(2091,22.8,61.3,'2024-11-07 01:32:49'),(2092,22.8,61.3,'2024-11-07 01:33:09'),(2093,22.8,61.3,'2024-11-07 01:33:10'),(2094,22.8,61.3,'2024-11-07 01:33:16'),(2095,22.8,61.3,'2024-11-07 01:33:22'),(2096,22.8,61.3,'2024-11-07 01:33:28'),(2097,22.8,61.3,'2024-11-07 01:33:34'),(2098,22.8,61.3,'2024-11-07 01:33:40'),(2099,22.8,61.3,'2024-11-07 01:33:46'),(2100,22.8,61.3,'2024-11-07 01:33:52'),(2101,22.8,61.3,'2024-11-07 01:33:59'),(2102,22.8,61.3,'2024-11-07 01:34:05'),(2103,22.8,61.3,'2024-11-07 01:34:11'),(2104,22.8,61.3,'2024-11-07 01:34:17'),(2105,22.8,61.3,'2024-11-07 01:34:24'),(2106,22.8,61.3,'2024-11-07 01:34:30'),(2107,22.8,61.2,'2024-11-07 01:34:36'),(2108,22.9,61.2,'2024-11-07 01:34:42'),(2109,22.9,61.2,'2024-11-07 01:34:48'),(2110,22.9,61.2,'2024-11-07 01:34:54'),(2111,22.9,61.2,'2024-11-07 01:35:01'),(2112,22.9,61.2,'2024-11-07 01:35:07'),(2113,22.9,61.2,'2024-11-07 01:35:13'),(2114,22.9,61.3,'2024-11-07 01:35:19'),(2115,22.9,61.3,'2024-11-07 01:35:25'),(2116,22.9,61.2,'2024-11-07 01:35:32'),(2117,22.9,61.2,'2024-11-07 01:35:38'),(2118,22.9,61.2,'2024-11-07 01:35:44'),(2119,22.9,61.2,'2024-11-07 01:35:50'),(2120,22.9,61.2,'2024-11-07 01:35:56'),(2121,22.9,61.2,'2024-11-07 01:36:02'),(2122,22.9,61.2,'2024-11-07 01:36:08'),(2123,22.9,61.2,'2024-11-07 01:36:14'),(2124,22.9,61.2,'2024-11-07 01:36:20'),(2125,22.9,61.2,'2024-11-07 01:36:26'),(2126,22.9,61.2,'2024-11-07 01:36:33'),(2127,22.9,61.2,'2024-11-07 01:36:39'),(2128,22.9,61.2,'2024-11-07 01:36:45'),(2129,22.9,61.2,'2024-11-07 01:36:51'),(2130,22.9,61.2,'2024-11-07 01:36:56'),(2131,22.9,61.2,'2024-11-07 01:37:05'),(2132,22.9,61.2,'2024-11-07 01:37:10'),(2133,22.9,61.1,'2024-11-07 01:37:17'),(2134,22.9,61.1,'2024-11-07 01:37:23'),(2135,22.9,61.1,'2024-11-07 01:37:29'),(2136,22.9,61.1,'2024-11-07 01:37:35'),(2137,22.9,61.1,'2024-11-07 01:37:42'),(2138,22.9,61.1,'2024-11-07 01:37:48'),(2139,22.9,61.1,'2024-11-07 01:37:54'),(2140,22.9,61.1,'2024-11-07 01:38:01'),(2141,22.9,61.1,'2024-11-07 01:38:07'),(2142,22.9,61.1,'2024-11-07 01:38:13'),(2143,22.9,61.2,'2024-11-07 01:38:19'),(2144,22.9,61.3,'2024-11-07 01:38:26'),(2145,22.9,61.3,'2024-11-07 01:38:32'),(2146,22.9,61.2,'2024-11-07 01:38:38'),(2147,22.9,61.2,'2024-11-07 01:38:44'),(2148,22.8,61.2,'2024-11-07 01:38:50'),(2149,22.9,61.2,'2024-11-07 01:38:56'),(2150,22.8,61.2,'2024-11-07 01:39:02'),(2151,22.8,61.2,'2024-11-07 01:39:08'),(2152,22.8,61.2,'2024-11-07 01:39:15'),(2153,22.9,61.2,'2024-11-07 01:39:21'),(2154,22.8,61.1,'2024-11-07 01:39:27'),(2155,22.8,61.2,'2024-11-07 01:39:33'),(2156,22.8,61.2,'2024-11-07 01:39:39'),(2157,22.8,61.2,'2024-11-07 01:39:46'),(2158,22.8,61.2,'2024-11-07 01:39:52'),(2159,22.8,61.2,'2024-11-07 01:39:58'),(2160,22.8,61.2,'2024-11-07 01:40:04'),(2161,22.8,61.2,'2024-11-07 01:40:11'),(2162,22.8,61.2,'2024-11-07 01:40:17'),(2163,22.8,61.2,'2024-11-07 01:40:23'),(2164,22.8,61.2,'2024-11-07 01:40:29'),(2165,22.8,61.2,'2024-11-07 01:40:35'),(2166,22.8,61.2,'2024-11-07 01:40:42'),(2167,22.8,61.2,'2024-11-07 01:40:48'),(2168,22.8,61.2,'2024-11-07 01:40:54'),(2169,22.8,61.2,'2024-11-07 01:41:00'),(2170,22.8,61.2,'2024-11-07 01:41:06'),(2171,22.8,61.2,'2024-11-07 01:41:13'),(2172,22.8,61.2,'2024-11-07 01:41:19'),(2173,22.8,61.2,'2024-11-07 01:41:25'),(2174,22.8,61.2,'2024-11-07 01:41:31'),(2175,22.8,61.2,'2024-11-07 01:41:38'),(2176,22.7,61.2,'2024-11-07 01:41:44'),(2177,22.7,61.2,'2024-11-07 01:41:50'),(2178,22.7,61.2,'2024-11-07 01:41:56'),(2179,22.7,61.2,'2024-11-07 01:42:02'),(2180,22.7,61.2,'2024-11-07 01:42:09'),(2181,22.7,61.3,'2024-11-07 01:42:15'),(2182,22.7,61.3,'2024-11-07 01:42:21'),(2183,22.7,61.3,'2024-11-07 01:42:27'),(2184,22.7,61.3,'2024-11-07 01:42:33'),(2185,22.8,61.3,'2024-11-07 01:42:39'),(2186,22.8,61.3,'2024-11-07 01:42:45'),(2187,22.8,61.3,'2024-11-07 01:42:51'),(2188,22.8,61.3,'2024-11-07 01:42:57'),(2189,22.8,61.3,'2024-11-07 01:43:03'),(2190,22.8,61.3,'2024-11-07 01:43:09'),(2191,22.8,61.3,'2024-11-07 01:43:15'),(2192,22.8,61.3,'2024-11-07 01:43:21'),(2193,22.8,61.4,'2024-11-07 01:43:30'),(2194,22.8,61.4,'2024-11-07 01:43:36'),(2195,22.8,61.3,'2024-11-07 01:43:43'),(2196,22.8,61.3,'2024-11-07 01:43:49'),(2197,22.8,61.3,'2024-11-07 01:43:55'),(2198,22.8,61.3,'2024-11-07 01:44:02'),(2199,22.8,61.3,'2024-11-07 01:44:08'),(2200,22.8,61.3,'2024-11-07 01:44:14'),(2201,22.8,61.3,'2024-11-07 01:44:20'),(2202,22.8,61.3,'2024-11-07 01:44:26'),(2203,22.8,61.3,'2024-11-07 01:44:33'),(2204,22.8,61.3,'2024-11-07 01:44:39'),(2205,22.8,61.3,'2024-11-07 01:44:46'),(2206,22.8,61.3,'2024-11-07 01:44:52'),(2207,22.8,61.3,'2024-11-07 01:44:58'),(2208,22.8,61.3,'2024-11-07 01:45:05'),(2209,22.8,61.3,'2024-11-07 01:45:11'),(2210,22.8,61.3,'2024-11-07 01:45:17'),(2211,22.8,61.2,'2024-11-07 01:45:23'),(2212,22.8,61.2,'2024-11-07 01:45:29'),(2213,22.8,61.2,'2024-11-07 01:45:35'),(2214,22.8,61.2,'2024-11-07 01:45:42'),(2215,22.8,61.2,'2024-11-07 01:45:48'),(2216,22.8,61.2,'2024-11-07 01:45:54'),(2217,22.8,61.3,'2024-11-07 01:46:00'),(2218,22.8,61.3,'2024-11-07 01:46:11'),(2219,22.8,61.3,'2024-11-07 01:46:17'),(2220,22.8,61.3,'2024-11-07 01:46:23'),(2221,22.8,61.3,'2024-11-07 01:46:29'),(2222,22.8,61.2,'2024-11-07 01:46:35'),(2223,22.8,61.2,'2024-11-07 01:46:45'),(2224,22.8,61.2,'2024-11-07 01:46:51'),(2225,22.8,61.2,'2024-11-07 01:46:57'),(2226,22.8,61.2,'2024-11-07 01:47:03'),(2227,22.8,61.2,'2024-11-07 01:47:09'),(2228,22.8,61.2,'2024-11-07 01:47:22'),(2229,22.8,61.2,'2024-11-07 01:47:26'),(2230,22.8,61.2,'2024-11-07 01:47:32'),(2231,22.8,61.2,'2024-11-07 01:47:38'),(2232,22.8,61.2,'2024-11-07 01:47:44'),(2233,22.8,61.2,'2024-11-07 01:47:51'),(2234,22.8,61.2,'2024-11-07 01:47:57'),(2235,22.8,61.2,'2024-11-07 01:48:03'),(2236,22.8,61.2,'2024-11-07 01:48:09'),(2237,22.8,61.2,'2024-11-07 01:48:15'),(2238,22.8,61.2,'2024-11-07 01:48:21'),(2239,22.8,61.2,'2024-11-07 01:48:27'),(2240,22.8,61.2,'2024-11-07 01:48:33'),(2241,22.8,61.2,'2024-11-07 01:48:39'),(2242,22.8,61.2,'2024-11-07 01:48:45'),(2243,22.8,61.2,'2024-11-07 01:48:55'),(2244,22.8,61.2,'2024-11-07 01:49:01'),(2245,22.8,61.2,'2024-11-07 01:49:07'),(2246,22.8,61.2,'2024-11-07 01:49:13'),(2247,22.8,61.2,'2024-11-07 01:49:19'),(2248,22.8,61.2,'2024-11-07 01:49:26'),(2249,22.8,61.2,'2024-11-07 01:49:32'),(2250,22.9,61.2,'2024-11-07 01:49:38'),(2251,22.9,61.2,'2024-11-07 01:49:44'),(2252,22.9,61.2,'2024-11-07 01:49:50'),(2253,22.9,61.2,'2024-11-07 01:49:56'),(2254,22.9,61.2,'2024-11-07 01:50:02'),(2255,22.9,61.1,'2024-11-07 01:50:09'),(2256,22.9,61.1,'2024-11-07 01:50:14'),(2257,22.9,61.1,'2024-11-07 01:50:20'),(2258,22.9,61.1,'2024-11-07 01:50:26'),(2259,22.9,61.1,'2024-11-07 01:50:32'),(2260,22.9,61.1,'2024-11-07 01:50:38'),(2261,22.9,61.1,'2024-11-07 01:50:44'),(2262,22.9,61.1,'2024-11-07 01:50:50'),(2263,22.9,61.1,'2024-11-07 01:50:56'),(2264,22.9,61,'2024-11-07 01:51:02'),(2265,22.9,61,'2024-11-07 01:51:08'),(2266,22.9,61,'2024-11-07 01:51:14'),(2267,22.9,61,'2024-11-07 01:51:21'),(2268,22.9,61,'2024-11-07 01:51:27'),(2269,22.9,61,'2024-11-07 01:51:33'),(2270,22.9,61.1,'2024-11-07 01:51:39'),(2271,22.9,61.1,'2024-11-07 01:51:45'),(2272,22.9,61.1,'2024-11-07 01:51:51'),(2273,22.9,61.1,'2024-11-07 01:51:57'),(2274,22.9,61.1,'2024-11-07 01:52:03'),(2275,22.9,61.1,'2024-11-07 01:52:09'),(2276,22.9,61,'2024-11-07 01:52:15'),(2277,22.9,61,'2024-11-07 01:52:21'),(2278,22.9,61,'2024-11-07 01:52:27'),(2279,22.9,61,'2024-11-07 01:52:33'),(2280,22.9,61,'2024-11-07 01:52:39'),(2281,22.9,61,'2024-11-07 01:52:44'),(2282,22.9,61,'2024-11-07 01:52:50'),(2283,22.9,61,'2024-11-07 01:52:56'),(2284,22.9,61,'2024-11-07 01:53:03'),(2285,22.9,61,'2024-11-07 01:53:09'),(2286,22.9,61,'2024-11-07 01:53:15'),(2287,22.9,61,'2024-11-07 01:53:21'),(2288,22.9,61,'2024-11-07 01:53:26'),(2289,22.9,61,'2024-11-07 01:53:32'),(2290,22.9,61,'2024-11-07 01:53:38'),(2291,22.9,61,'2024-11-07 01:53:44'),(2292,22.9,61,'2024-11-07 01:53:50'),(2293,22.9,61,'2024-11-07 01:53:57'),(2294,22.9,61,'2024-11-07 01:54:03'),(2295,22.9,61,'2024-11-07 01:54:09'),(2296,22.9,61,'2024-11-07 01:54:15'),(2297,22.9,61,'2024-11-07 01:54:21'),(2298,22.9,61,'2024-11-07 01:54:28'),(2299,22.8,61,'2024-11-07 01:54:34'),(2300,22.8,61,'2024-11-07 01:54:40'),(2301,22.8,61,'2024-11-07 01:54:46'),(2302,22.8,61,'2024-11-07 01:54:53'),(2303,22.8,61,'2024-11-07 01:54:58'),(2304,22.8,61.1,'2024-11-07 01:55:05'),(2305,22.8,61.1,'2024-11-07 01:55:11'),(2306,22.8,61.1,'2024-11-07 01:55:17'),(2307,22.8,61.1,'2024-11-07 01:55:22'),(2308,22.8,61.1,'2024-11-07 01:55:28'),(2309,22.8,61.1,'2024-11-07 01:55:35'),(2310,22.8,61.1,'2024-11-07 01:55:41'),(2311,22.8,61.1,'2024-11-07 01:55:47'),(2312,22.8,61.1,'2024-11-07 01:55:52'),(2313,22.8,61.1,'2024-11-07 01:55:58'),(2314,22.8,61.1,'2024-11-07 01:56:05'),(2315,22.8,61.1,'2024-11-07 01:56:11'),(2316,22.8,61.1,'2024-11-07 01:56:17'),(2317,22.8,61.1,'2024-11-07 01:56:23'),(2318,22.8,61.1,'2024-11-07 01:56:30'),(2319,22.8,61.1,'2024-11-07 01:56:36'),(2320,22.8,61.2,'2024-11-07 01:56:42'),(2321,22.9,61.1,'2024-11-07 01:56:48'),(2322,22.9,61.1,'2024-11-07 01:56:54'),(2323,22.9,61.1,'2024-11-07 01:57:00'),(2324,22.9,61.1,'2024-11-07 01:57:06'),(2325,22.9,61.1,'2024-11-07 01:57:13'),(2326,22.9,61.1,'2024-11-07 01:57:19'),(2327,22.9,61.1,'2024-11-07 01:57:25'),(2328,22.9,61.1,'2024-11-07 01:57:32'),(2329,22.9,61.1,'2024-11-07 01:57:38'),(2330,22.9,61.1,'2024-11-07 01:57:44'),(2331,22.9,61.1,'2024-11-07 01:57:50'),(2332,22.9,61.1,'2024-11-07 01:57:56'),(2333,22.9,61.1,'2024-11-07 01:58:02'),(2334,22.9,61.1,'2024-11-07 01:58:08'),(2335,22.9,61.1,'2024-11-07 01:58:15'),(2336,22.9,61.1,'2024-11-07 01:58:21'),(2337,22.8,61.1,'2024-11-07 01:58:27'),(2338,22.8,61.1,'2024-11-07 01:58:33'),(2339,22.8,61.1,'2024-11-07 01:58:39'),(2340,22.8,61.1,'2024-11-07 01:58:46'),(2341,22.8,61.1,'2024-11-07 01:58:52'),(2342,22.8,61.1,'2024-11-07 01:58:58'),(2343,22.8,61.1,'2024-11-07 01:59:04'),(2344,22.9,61.2,'2024-11-07 01:59:11'),(2345,22.9,61.2,'2024-11-07 01:59:17'),(2346,22.9,61.2,'2024-11-07 01:59:34'),(2347,22.9,61.2,'2024-11-07 01:59:40'),(2348,22.9,61.2,'2024-11-07 01:59:43'),(2349,22.9,61.2,'2024-11-07 01:59:47'),(2350,22.9,61.2,'2024-11-07 01:59:53'),(2351,22.9,61.2,'2024-11-07 01:59:59'),(2352,22.9,61.1,'2024-11-07 02:00:05'),(2353,22.9,61.1,'2024-11-07 02:00:11'),(2354,22.9,61.1,'2024-11-07 02:00:17'),(2355,22.9,61.1,'2024-11-07 02:00:23'),(2356,22.9,61,'2024-11-07 02:00:59'),(2357,22.9,61,'2024-11-07 02:01:04'),(2358,22.9,61,'2024-11-07 02:01:17'),(2359,22.9,61,'2024-11-07 02:01:20'),(2360,22.9,61,'2024-11-07 02:01:27'),(2361,22.9,61,'2024-11-07 02:01:33'),(2362,22.9,61,'2024-11-07 02:01:39'),(2363,22.9,61,'2024-11-07 02:02:00'),(2364,22.9,61,'2024-11-07 02:02:10'),(2365,22.9,61,'2024-11-07 02:02:20'),(2366,22.9,61,'2024-11-07 02:02:37'),(2367,22.9,61,'2024-11-07 02:02:43'),(2368,22.9,60.9,'2024-11-07 02:02:49'),(2369,22.9,60.9,'2024-11-07 02:02:55'),(2370,22.9,60.9,'2024-11-07 02:03:01'),(2371,22.9,60.9,'2024-11-07 02:03:07'),(2372,22.9,60.9,'2024-11-07 02:03:13'),(2373,22.9,60.9,'2024-11-07 02:03:20'),(2374,22.9,61,'2024-11-07 02:03:42'),(2375,22.9,61,'2024-11-07 02:03:47'),(2376,22.9,61,'2024-11-07 02:03:58'),(2377,22.9,61,'2024-11-07 02:04:09'),(2378,22.9,61,'2024-11-07 02:04:15'),(2379,22.9,61,'2024-11-07 02:04:21'),(2380,22.9,61,'2024-11-07 02:04:38'),(2381,22.9,61,'2024-11-07 02:04:44'),(2382,22.9,61,'2024-11-07 02:04:50'),(2383,22.9,61,'2024-11-07 02:04:56'),(2384,22.9,61,'2024-11-07 02:05:02'),(2385,22.9,61,'2024-11-07 02:05:08'),(2386,22.9,61,'2024-11-07 02:05:20'),(2387,22.9,61,'2024-11-07 02:05:28'),(2388,22.9,61,'2024-11-07 02:05:35'),(2389,22.9,61,'2024-11-07 02:05:41'),(2390,22.9,61,'2024-11-07 02:05:47'),(2391,22.9,61,'2024-11-07 02:05:53'),(2392,22.9,61,'2024-11-07 02:05:59'),(2393,22.9,61,'2024-11-07 02:06:10'),(2394,22.9,61,'2024-11-07 02:06:16'),(2395,22.9,61,'2024-11-07 02:06:22'),(2396,22.9,61.1,'2024-11-07 02:06:33'),(2397,22.9,61.1,'2024-11-07 02:06:39'),(2398,22.9,61.1,'2024-11-07 02:06:48'),(2399,22.9,60.9,'2024-11-07 02:07:16'),(2400,22.9,60.9,'2024-11-07 02:07:22'),(2401,22.9,61,'2024-11-07 02:07:35'),(2402,22.9,61,'2024-11-07 02:07:42'),(2403,22.9,60.9,'2024-11-07 02:07:48'),(2404,22.9,60.9,'2024-11-07 02:07:54'),(2405,22.9,60.9,'2024-11-07 02:08:00'),(2406,22.9,61,'2024-11-07 02:08:06'),(2407,22.9,61,'2024-11-07 02:08:13'),(2408,22.8,61,'2024-11-07 02:08:19'),(2409,22.8,61,'2024-11-07 02:08:25'),(2410,22.8,61,'2024-11-07 02:08:41'),(2411,22.8,61,'2024-11-07 02:08:43'),(2412,22.8,61,'2024-11-07 02:08:49'),(2413,22.8,61,'2024-11-07 02:08:55'),(2414,22.8,61.1,'2024-11-07 02:09:01'),(2415,22.8,61.1,'2024-11-07 02:09:07'),(2416,22.8,61.1,'2024-11-07 02:09:13'),(2417,22.8,61.1,'2024-11-07 02:09:19'),(2418,22.8,61.1,'2024-11-07 02:09:25'),(2419,22.8,61.1,'2024-11-07 02:09:31'),(2420,22.8,61.1,'2024-11-07 02:09:37'),(2421,22.8,61.1,'2024-11-07 02:09:43'),(2422,22.8,61.1,'2024-11-07 02:09:52'),(2423,22.9,61.1,'2024-11-07 02:09:58'),(2424,22.9,61.2,'2024-11-07 02:10:04'),(2425,22.9,61.2,'2024-11-07 02:10:10'),(2426,22.9,61.2,'2024-11-07 02:10:15'),(2427,22.9,61.2,'2024-11-07 02:10:21'),(2428,22.9,61.2,'2024-11-07 02:10:27'),(2429,22.9,61.2,'2024-11-07 02:10:34'),(2430,22.9,61.2,'2024-11-07 02:10:40'),(2431,22.9,61.2,'2024-11-07 02:10:46'),(2432,22.9,61.1,'2024-11-07 02:10:52'),(2433,22.9,61.1,'2024-11-07 02:10:59'),(2434,22.9,61.1,'2024-11-07 02:11:05'),(2435,22.9,61.1,'2024-11-07 02:11:11'),(2436,22.9,61.1,'2024-11-07 02:11:17'),(2437,22.9,61.1,'2024-11-07 02:11:23'),(2438,22.9,61.1,'2024-11-07 02:11:29'),(2439,22.9,61.1,'2024-11-07 02:11:35'),(2440,22.9,61.1,'2024-11-07 02:11:42'),(2441,22.9,61,'2024-11-07 02:11:48'),(2442,22.9,61,'2024-11-07 02:11:54'),(2443,22.9,61,'2024-11-07 02:12:00'),(2444,22.9,61,'2024-11-07 02:12:06'),(2445,22.9,61,'2024-11-07 02:12:12'),(2446,22.9,61,'2024-11-07 02:12:19'),(2447,23,60.9,'2024-11-07 02:12:25'),(2448,23,60.9,'2024-11-07 02:12:31'),(2449,23,60.9,'2024-11-07 02:12:40'),(2450,23,60.9,'2024-11-07 02:12:47'),(2451,23,60.9,'2024-11-07 02:12:53'),(2452,23,60.9,'2024-11-07 02:13:02'),(2453,23,60.9,'2024-11-07 02:13:08'),(2454,23,60.9,'2024-11-07 02:13:14'),(2455,23,60.9,'2024-11-07 02:13:20'),(2456,23,60.8,'2024-11-07 02:13:29'),(2457,23,60.8,'2024-11-07 02:13:38'),(2458,22.9,60.8,'2024-11-07 02:13:45'),(2459,22.9,60.7,'2024-11-07 02:13:51'),(2460,22.9,60.7,'2024-11-07 02:13:57'),(2461,22.9,60.8,'2024-11-07 02:14:04'),(2462,22.9,60.8,'2024-11-07 02:14:10'),(2463,22.9,60.8,'2024-11-07 02:14:17'),(2464,22.9,60.8,'2024-11-07 02:14:24'),(2465,22.9,60.9,'2024-11-07 02:14:30'),(2466,22.9,60.9,'2024-11-07 02:14:39'),(2467,22.9,60.9,'2024-11-07 02:14:45'),(2468,22.9,60.9,'2024-11-07 02:14:51'),(2469,22.9,60.9,'2024-11-07 02:14:57'),(2470,22.9,60.8,'2024-11-07 02:15:03'),(2471,22.9,60.9,'2024-11-07 02:15:09'),(2472,22.9,60.9,'2024-11-07 02:15:15'),(2473,23,60.9,'2024-11-07 02:15:22'),(2474,23,60.9,'2024-11-07 02:15:27'),(2475,23,60.8,'2024-11-07 02:15:34'),(2476,23,60.9,'2024-11-07 02:15:40'),(2477,23,60.9,'2024-11-07 02:15:46'),(2478,23,60.9,'2024-11-07 02:15:53'),(2479,23,60.9,'2024-11-07 02:15:58'),(2480,23,60.9,'2024-11-07 02:16:04'),(2481,23,60.9,'2024-11-07 02:16:10'),(2482,23,60.8,'2024-11-07 02:16:16'),(2483,23,60.8,'2024-11-07 02:16:23'),(2484,23,60.7,'2024-11-07 02:16:28'),(2485,23,60.7,'2024-11-07 02:16:35'),(2486,-1,-1,'2024-11-07 02:16:41'),(2487,22.9,60.7,'2024-11-07 02:16:47'),(2488,22.9,60.7,'2024-11-07 02:16:53'),(2489,22.9,60.7,'2024-11-07 02:17:00'),(2490,22.9,60.8,'2024-11-07 02:17:06'),(2491,23,60.8,'2024-11-07 02:17:12'),(2492,23,60.9,'2024-11-07 02:17:18'),(2493,23,60.9,'2024-11-07 02:17:24'),(2494,23,61.1,'2024-11-07 02:17:30'),(2495,23,61.1,'2024-11-07 02:17:36'),(2496,23,61,'2024-11-07 02:17:42'),(2497,23,61,'2024-11-07 02:17:48'),(2498,23,60.9,'2024-11-07 02:17:54'),(2499,23,60.9,'2024-11-07 02:18:00'),(2500,23,60.8,'2024-11-07 02:18:07'),(2501,23,60.8,'2024-11-07 02:18:13'),(2502,23,60.7,'2024-11-07 02:18:19'),(2503,23,60.7,'2024-11-07 02:18:27'),(2504,23,60.7,'2024-11-07 02:18:33'),(2505,23,60.7,'2024-11-07 02:18:39'),(2506,23,60.7,'2024-11-07 02:18:45'),(2507,23,60.7,'2024-11-07 02:18:51'),(2508,23,60.7,'2024-11-07 02:18:58'),(2509,23,60.7,'2024-11-07 02:19:07'),(2510,23,60.7,'2024-11-07 02:19:13'),(2511,23,60.7,'2024-11-07 02:19:20'),(2512,23,60.7,'2024-11-07 02:19:31'),(2513,23,60.8,'2024-11-07 02:19:37'),(2514,23,60.8,'2024-11-07 02:19:43'),(2515,23,60.8,'2024-11-07 02:19:52'),(2516,23,60.7,'2024-11-07 02:19:59'),(2517,23,60.7,'2024-11-07 02:20:05'),(2518,23,60.8,'2024-11-07 02:20:12'),(2519,23,60.8,'2024-11-07 02:20:18'),(2520,23,60.8,'2024-11-07 02:20:24'),(2521,23,60.8,'2024-11-07 02:20:31'),(2522,23,60.8,'2024-11-07 02:20:38'),(2523,23,60.8,'2024-11-07 02:20:44'),(2524,23,60.7,'2024-11-07 02:20:52'),(2525,23,60.7,'2024-11-07 02:20:59'),(2526,23,60.3,'2024-11-07 02:21:05'),(2527,23,60.2,'2024-11-07 02:21:11'),(2528,23,60.7,'2024-11-07 02:21:18'),(2529,23,60.7,'2024-11-07 02:21:24'),(2530,23,60.7,'2024-11-07 02:21:30'),(2531,23,60.8,'2024-11-07 02:21:36'),(2532,23,60.8,'2024-11-07 02:21:42'),(2533,23,60.8,'2024-11-07 02:21:54'),(2534,23,60.8,'2024-11-07 02:21:59'),(2535,23,60.8,'2024-11-07 02:22:10'),(2536,23,60.8,'2024-11-07 02:22:21'),(2537,23,60.8,'2024-11-07 02:22:27'),(2538,23,60.8,'2024-11-07 02:22:34'),(2539,23,60.8,'2024-11-07 02:22:41'),(2540,23,60.8,'2024-11-07 02:22:47'),(2541,23,60.8,'2024-11-07 02:22:53'),(2542,23,60.8,'2024-11-07 02:22:59'),(2543,23,60.8,'2024-11-07 02:23:05'),(2544,23,60.8,'2024-11-07 02:23:16'),(2545,23,60.8,'2024-11-07 02:23:21'),(2546,23,60.8,'2024-11-07 02:23:27'),(2547,23,60.8,'2024-11-07 02:23:34'),(2548,23,60.8,'2024-11-07 02:23:39'),(2549,23,60.8,'2024-11-07 02:23:45'),(2550,23,60.8,'2024-11-07 02:23:51'),(2551,23,60.8,'2024-11-07 02:23:57'),(2552,23,60.9,'2024-11-07 02:24:03'),(2553,23,60.9,'2024-11-07 02:24:10'),(2554,23,60.9,'2024-11-07 02:24:16'),(2555,23,60.9,'2024-11-07 02:24:21'),(2556,23,60.9,'2024-11-07 02:24:28'),(2557,23,60.9,'2024-11-07 02:24:34'),(2558,23,60.4,'2024-11-07 02:24:40'),(2559,23,60.6,'2024-11-07 02:24:46'),(2560,23,60.8,'2024-11-07 02:24:52'),(2561,23.1,60.7,'2024-11-07 02:24:59'),(2562,23.1,60.5,'2024-11-07 02:25:05'),(2563,23.1,60.5,'2024-11-07 02:25:11'),(2564,23.1,60.4,'2024-11-07 02:25:18'),(2565,23.1,60.3,'2024-11-07 02:25:24'),(2566,23.1,60.3,'2024-11-07 02:25:30'),(2567,23.1,60.2,'2024-11-07 02:25:36'),(2568,23.1,60.2,'2024-11-07 02:25:42'),(2569,23.1,60.2,'2024-11-07 02:25:49'),(2570,23.1,60.1,'2024-11-07 02:25:55'),(2571,23.2,60.1,'2024-11-07 02:26:01'),(2572,23.2,60.1,'2024-11-07 02:26:07'),(2573,23.2,60.1,'2024-11-07 02:26:14'),(2574,23.2,60.1,'2024-11-07 02:26:20'),(2575,23.2,60.1,'2024-11-07 02:26:26'),(2576,23.2,60.1,'2024-11-07 02:26:32'),(2577,23.2,60.1,'2024-11-07 02:26:38'),(2578,23.2,60.1,'2024-11-07 02:26:45'),(2579,23.2,60.1,'2024-11-07 02:26:51'),(2580,23.2,60.1,'2024-11-07 02:27:00'),(2581,23.2,60.1,'2024-11-07 02:27:06'),(2582,23.2,60,'2024-11-07 02:27:12'),(2583,23.2,60,'2024-11-07 02:27:19'),(2584,23.2,60,'2024-11-07 02:27:25'),(2585,23.2,60,'2024-11-07 02:27:32'),(2586,23.2,60,'2024-11-07 02:27:38'),(2587,23.2,60,'2024-11-07 02:27:44'),(2588,23.2,60,'2024-11-07 02:27:50'),(2589,23.2,60,'2024-11-07 02:27:57'),(2590,23.2,60,'2024-11-07 02:28:06'),(2591,23.2,60,'2024-11-07 02:28:12'),(2592,23.2,60,'2024-11-07 02:28:18'),(2593,23.2,60,'2024-11-07 02:28:24'),(2594,23.2,60,'2024-11-07 02:28:30'),(2595,23.2,60,'2024-11-07 02:28:37'),(2596,23.2,59.9,'2024-11-07 02:28:43'),(2597,23.2,59.9,'2024-11-07 02:28:49'),(2598,23.2,59.9,'2024-11-07 02:28:55'),(2599,23.2,59.9,'2024-11-07 02:29:01'),(2600,23.2,59.9,'2024-11-07 02:29:07'),(2601,23.2,59.9,'2024-11-07 02:29:13'),(2602,23.2,59.9,'2024-11-07 02:29:19'),(2603,23.2,59.9,'2024-11-07 02:29:25'),(2604,23.2,59.9,'2024-11-07 02:29:31'),(2605,23.2,59.9,'2024-11-07 02:29:38'),(2606,23.2,59.9,'2024-11-07 02:29:44'),(2607,23.2,59.9,'2024-11-07 02:29:50'),(2608,23.2,59.9,'2024-11-07 02:30:00'),(2609,23.1,59.9,'2024-11-07 02:30:06'),(2610,23.1,59.9,'2024-11-07 02:30:12'),(2611,23.1,59.9,'2024-11-07 02:30:18'),(2612,23.1,59.9,'2024-11-07 02:30:24'),(2613,23.1,59.9,'2024-11-07 02:30:30'),(2614,23.1,59.9,'2024-11-07 02:30:36'),(2615,23.1,59.9,'2024-11-07 02:30:42'),(2616,23.1,60,'2024-11-07 02:30:48'),(2617,23.1,60,'2024-11-07 02:30:54'),(2618,23.2,60,'2024-11-07 02:31:00'),(2619,23.2,60,'2024-11-07 02:31:06'),(2620,23.2,59.9,'2024-11-07 02:31:13'),(2621,23.2,59.9,'2024-11-07 02:31:19'),(2622,23.2,59.9,'2024-11-07 02:31:25'),(2623,23.2,59.9,'2024-11-07 02:31:31'),(2624,23.2,59.9,'2024-11-07 02:31:37'),(2625,23.2,59.9,'2024-11-07 02:31:43'),(2626,23.2,59.9,'2024-11-07 02:31:49'),(2627,23.2,59.9,'2024-11-07 02:31:55'),(2628,23.2,59.9,'2024-11-07 02:32:01'),(2629,23.2,59.9,'2024-11-07 02:32:07'),(2630,23,59.7,'2024-11-07 02:32:13'),(2631,23,59.7,'2024-11-07 02:32:19'),(2632,23.5,60.1,'2024-11-07 02:32:25'),(2633,23.1,59.6,'2024-11-07 02:32:31'),(2634,23.4,59.9,'2024-11-07 02:32:37'),(2635,23.1,59.9,'2024-11-07 02:32:41'),(2636,23.7,55.5,'2024-11-07 23:41:49'),(2637,23.8,55.1,'2024-11-07 23:41:55'),(2638,23.8,55,'2024-11-07 23:42:01'),(2639,23.9,55.1,'2024-11-07 23:42:08'),(2640,23.9,55.1,'2024-11-07 23:42:13'),(2641,24,55,'2024-11-07 23:42:19'),(2642,-1,-1,'2024-11-07 23:42:25'),(2643,-1,-1,'2024-11-07 23:42:31'),(2644,-1,-1,'2024-11-07 23:42:38'),(2645,-1,-1,'2024-11-07 23:42:44'),(2646,-1,-1,'2024-11-07 23:42:50'),(2647,24.3,54.4,'2024-11-07 23:42:57'),(2648,24.3,54.2,'2024-11-07 23:43:03'),(2649,24.3,53.7,'2024-11-07 23:43:08'),(2650,24.3,53.2,'2024-11-07 23:43:14'),(2651,24.3,52.9,'2024-11-07 23:43:20'),(2652,24.3,52.5,'2024-11-07 23:43:26'),(2653,24.3,52.2,'2024-11-07 23:43:33'),(2654,24.3,51.9,'2024-11-07 23:43:39'),(2655,24.3,51.8,'2024-11-07 23:43:44'),(2656,24.3,51.7,'2024-11-07 23:43:50'),(2657,24.3,51.6,'2024-11-07 23:43:56'),(2658,24.3,51.6,'2024-11-07 23:44:02'),(2659,24.3,51.5,'2024-11-07 23:44:08'),(2660,24.4,51.4,'2024-11-07 23:44:15'),(2661,24.4,51.3,'2024-11-07 23:44:20'),(2662,24.4,51.2,'2024-11-07 23:44:26'),(2663,24.4,51.2,'2024-11-07 23:44:32'),(2664,24.4,51.1,'2024-11-07 23:44:38'),(2665,24.4,51.1,'2024-11-07 23:44:44'),(2666,24.4,51.1,'2024-11-07 23:44:50'),(2667,24.4,51,'2024-11-07 23:44:56'),(2668,24.4,51,'2024-11-07 23:45:02'),(2669,24.4,51,'2024-11-07 23:45:08'),(2670,24.4,51,'2024-11-07 23:45:14'),(2671,24.2,51.8,'2024-11-07 23:45:34'),(2672,24.3,51.8,'2024-11-07 23:45:40'),(2673,24.3,51.6,'2024-11-07 23:45:46'),(2674,24.3,51.3,'2024-11-07 23:45:52'),(2675,24.3,51.2,'2024-11-07 23:45:57'),(2676,24.3,51.1,'2024-11-07 23:46:03'),(2677,24.3,51,'2024-11-07 23:46:09'),(2678,24.3,50.9,'2024-11-07 23:46:15'),(2679,24.2,50.9,'2024-11-07 23:46:21'),(2680,24.2,50.9,'2024-11-07 23:46:27'),(2681,24.2,51,'2024-11-07 23:46:33'),(2682,24.2,51,'2024-11-07 23:46:39'),(2683,24.2,51,'2024-11-07 23:46:45'),(2684,24.2,51,'2024-11-07 23:46:51'),(2685,24.1,51,'2024-11-07 23:46:56'),(2686,24.1,51,'2024-11-07 23:47:02'),(2687,24.1,51,'2024-11-07 23:47:08'),(2688,24.1,51.1,'2024-11-07 23:47:14'),(2689,24,51.1,'2024-11-07 23:47:20'),(2690,24,51.2,'2024-11-07 23:47:25'),(2691,24,51.3,'2024-11-07 23:47:31'),(2692,24,51.3,'2024-11-07 23:47:36'),(2693,24,51.6,'2024-11-07 23:47:42'),(2694,24,51.6,'2024-11-07 23:47:48'),(2695,24,51.7,'2024-11-07 23:47:54'),(2696,23.9,51.7,'2024-11-07 23:48:01'),(2697,23.9,51.8,'2024-11-07 23:48:06'),(2698,23.9,51.8,'2024-11-07 23:48:12'),(2699,23.9,51.8,'2024-11-07 23:48:18'),(2700,23.9,51.8,'2024-11-07 23:48:23'),(2701,23.9,51.8,'2024-11-07 23:48:30'),(2702,23.9,51.9,'2024-11-07 23:48:36'),(2703,23.9,51.9,'2024-11-07 23:48:42'),(2704,23.9,51.9,'2024-11-07 23:48:48'),(2705,23.9,51.9,'2024-11-07 23:48:53'),(2706,23.9,51.9,'2024-11-07 23:48:59'),(2707,23.9,51.9,'2024-11-07 23:49:05'),(2708,23.9,51.9,'2024-11-07 23:49:11'),(2709,23.9,51.9,'2024-11-07 23:49:17'),(2710,23.9,51.9,'2024-11-07 23:49:23'),(2711,23.9,51.9,'2024-11-07 23:49:29'),(2712,23.9,51.9,'2024-11-07 23:49:35'),(2713,23.9,51.9,'2024-11-07 23:49:41'),(2714,23.9,51.9,'2024-11-07 23:49:46'),(2715,23.9,51.8,'2024-11-07 23:49:52'),(2716,23.9,51.8,'2024-11-07 23:49:58'),(2717,23.9,51.8,'2024-11-07 23:50:04'),(2718,23.9,51.7,'2024-11-07 23:50:10'),(2719,23.9,51.7,'2024-11-07 23:50:16'),(2720,23.9,51.7,'2024-11-07 23:50:22'),(2721,23.9,51.7,'2024-11-07 23:50:28'),(2722,23.9,51.7,'2024-11-07 23:50:34'),(2723,23.9,51.8,'2024-11-07 23:50:40'),(2724,23.9,51.8,'2024-11-07 23:50:46'),(2725,23.9,51.8,'2024-11-07 23:50:51'),(2726,23.9,51.8,'2024-11-07 23:50:57'),(2727,23.9,51.8,'2024-11-07 23:51:03'),(2728,23.9,51.9,'2024-11-07 23:51:10'),(2729,23.9,51.9,'2024-11-07 23:51:16'),(2730,23.9,52,'2024-11-07 23:51:22'),(2731,23.9,52,'2024-11-07 23:51:28'),(2732,23.9,52,'2024-11-07 23:51:34'),(2733,23.9,52,'2024-11-07 23:51:40'),(2734,23.9,51.9,'2024-11-07 23:51:46'),(2735,23.9,51.9,'2024-11-07 23:51:52'),(2736,24,51.8,'2024-11-07 23:51:58'),(2737,24,51.8,'2024-11-07 23:52:04'),(2738,24,51.8,'2024-11-07 23:52:10'),(2739,24,51.7,'2024-11-07 23:52:16'),(2740,24,51.7,'2024-11-07 23:52:22'),(2741,24,51.6,'2024-11-07 23:52:28'),(2742,24,51.6,'2024-11-07 23:52:34'),(2743,24,51.3,'2024-11-07 23:52:40'),(2744,24,51.3,'2024-11-07 23:52:46'),(2745,24,51.3,'2024-11-07 23:52:52'),(2746,24,51.3,'2024-11-07 23:52:58'),(2747,24,51.2,'2024-11-07 23:53:04'),(2748,24,51.2,'2024-11-07 23:53:10'),(2749,24,51.6,'2024-11-07 23:53:16'),(2750,24,51.6,'2024-11-07 23:53:22'),(2751,23.9,51.5,'2024-11-07 23:53:29'),(2752,23.9,51.6,'2024-11-07 23:53:34'),(2753,23.9,51.6,'2024-11-07 23:53:40'),(2754,23.9,51.6,'2024-11-07 23:53:49'),(2755,23.9,51.6,'2024-11-07 23:53:55'),(2756,23.9,51.6,'2024-11-07 23:54:01'),(2757,23.9,51.5,'2024-11-07 23:54:07'),(2758,23.9,51.6,'2024-11-07 23:54:13'),(2759,23.9,51.6,'2024-11-07 23:54:20'),(2760,23.9,51.7,'2024-11-07 23:54:26'),(2761,23.9,51.7,'2024-11-07 23:54:31'),(2762,23.9,51.8,'2024-11-07 23:54:37'),(2763,23.9,51.8,'2024-11-07 23:54:44'),(2764,23.9,51.9,'2024-11-07 23:54:50'),(2765,23.9,51.9,'2024-11-07 23:54:56'),(2766,23.9,51.9,'2024-11-07 23:55:02'),(2767,23.9,52,'2024-11-07 23:55:08'),(2768,23.9,52,'2024-11-07 23:55:14'),(2769,24,52.1,'2024-11-07 23:55:19'),(2770,24,52,'2024-11-07 23:55:25'),(2771,24,52,'2024-11-07 23:55:31'),(2772,24,51.9,'2024-11-07 23:55:37'),(2773,24,51.9,'2024-11-07 23:55:43'),(2774,24,51.9,'2024-11-07 23:55:49'),(2775,24,51.9,'2024-11-07 23:55:55'),(2776,24,51.9,'2024-11-07 23:56:00'),(2777,24,51.9,'2024-11-07 23:56:06'),(2778,24,51.6,'2024-11-07 23:56:12'),(2779,24,51.6,'2024-11-07 23:56:18'),(2780,24,51.6,'2024-11-07 23:56:24'),(2781,24,51.6,'2024-11-07 23:56:30'),(2782,24,51.7,'2024-11-07 23:56:36'),(2783,24,51.7,'2024-11-07 23:56:41'),(2784,24,51.8,'2024-11-07 23:56:48'),(2785,24.1,51.8,'2024-11-07 23:56:54'),(2786,24.1,51.7,'2024-11-07 23:57:00'),(2787,24.1,51.7,'2024-11-07 23:57:06'),(2788,24.1,51.6,'2024-11-07 23:57:12'),(2789,24.1,51.6,'2024-11-07 23:57:18'),(2790,24.1,51.6,'2024-11-07 23:57:24'),(2791,24.1,51.5,'2024-11-07 23:57:31'),(2792,24.1,51.5,'2024-11-07 23:57:36'),(2793,24.1,51.5,'2024-11-07 23:57:43'),(2794,24.1,51.5,'2024-11-07 23:57:48'),(2795,24.1,51.5,'2024-11-07 23:57:54'),(2796,24.2,51.5,'2024-11-07 23:58:00'),(2797,24.2,51.5,'2024-11-07 23:58:06'),(2798,24.2,51.5,'2024-11-07 23:58:12'),(2799,24.2,51.5,'2024-11-07 23:58:17'),(2800,24.2,51.5,'2024-11-07 23:58:23'),(2801,24.2,51.5,'2024-11-07 23:58:29'),(2802,24.2,51.5,'2024-11-07 23:58:35'),(2803,24.2,51.5,'2024-11-07 23:58:41'),(2804,24.2,51.5,'2024-11-07 23:58:47'),(2805,24.2,51.4,'2024-11-07 23:58:53'),(2806,24.2,51.4,'2024-11-07 23:58:59'),(2807,24.2,51.4,'2024-11-07 23:59:05'),(2808,24.2,51.4,'2024-11-07 23:59:11'),(2809,24.2,51.4,'2024-11-07 23:59:17'),(2810,24.2,51.3,'2024-11-07 23:59:23'),(2811,24.2,51.3,'2024-11-07 23:59:29'),(2812,24.2,51.2,'2024-11-07 23:59:35'),(2813,24.2,51.2,'2024-11-07 23:59:41'),(2814,24.2,51.1,'2024-11-07 23:59:47'),(2815,24.2,51.1,'2024-11-07 23:59:52'),(2816,24.2,51.1,'2024-11-07 23:59:58'),(2817,24.2,51.1,'2024-11-08 00:00:05'),(2818,24.2,51.1,'2024-11-08 00:00:11'),(2819,24.2,51.1,'2024-11-08 00:00:17'),(2820,24.2,51.1,'2024-11-08 00:00:23'),(2821,24.2,51.1,'2024-11-08 00:00:29'),(2822,24.2,51.2,'2024-11-08 00:00:34'),(2823,24.2,51.2,'2024-11-08 00:00:40'),(2824,24.1,51.2,'2024-11-08 00:00:46'),(2825,24.1,51.3,'2024-11-08 00:00:52'),(2826,24.1,51.3,'2024-11-08 00:00:59'),(2827,24.1,51.2,'2024-11-08 00:01:05'),(2828,24.1,51.2,'2024-11-08 00:01:11'),(2829,24,51.2,'2024-11-08 00:01:17'),(2830,24,51.2,'2024-11-08 00:01:22'),(2831,24,51.3,'2024-11-08 00:01:28'),(2832,24,51.7,'2024-11-08 00:01:34'),(2833,24,51.7,'2024-11-08 00:01:40'),(2834,24,51.7,'2024-11-08 00:01:46'),(2835,24,51.7,'2024-11-08 00:01:52'),(2836,24,51.7,'2024-11-08 00:01:58'),(2837,24,51.7,'2024-11-08 00:02:04'),(2838,24,51.7,'2024-11-08 00:02:10'),(2839,24,51.8,'2024-11-08 00:02:16'),(2840,24,51.8,'2024-11-08 00:02:22'),(2841,24,51.8,'2024-11-08 00:02:28'),(2842,24,51.9,'2024-11-08 00:02:34'),(2843,24,51.9,'2024-11-08 00:02:40'),(2844,23.9,51.9,'2024-11-08 00:02:46'),(2845,23.9,51.9,'2024-11-08 00:02:52'),(2846,23.9,52,'2024-11-08 00:02:57'),(2847,23.9,52,'2024-11-08 00:03:03'),(2848,23.9,52,'2024-11-08 00:03:09'),(2849,23.9,52,'2024-11-08 00:03:15'),(2850,23.9,52,'2024-11-08 00:03:21'),(2851,23.9,52,'2024-11-08 00:03:26'),(2852,23.9,52.1,'2024-11-08 00:03:32'),(2853,23.9,52.1,'2024-11-08 00:03:38'),(2854,23.9,52.1,'2024-11-08 00:03:44'),(2855,23.9,52.1,'2024-11-08 00:03:50'),(2856,23.9,52.1,'2024-11-08 00:03:56'),(2857,23.9,52,'2024-11-08 00:04:02'),(2858,24,52,'2024-11-08 00:04:08'),(2859,24,52.1,'2024-11-08 00:04:14'),(2860,24,52.1,'2024-11-08 00:04:20'),(2861,24,52.1,'2024-11-08 00:04:25'),(2862,24,52.1,'2024-11-08 00:04:31'),(2863,24,52.1,'2024-11-08 00:04:37'),(2864,24,52.2,'2024-11-08 00:04:43'),(2865,24,52.2,'2024-11-08 00:04:59'),(2866,24,52.2,'2024-11-08 00:05:05'),(2867,24,52.1,'2024-11-08 00:05:11'),(2868,23.9,52.1,'2024-11-08 00:05:21'),(2869,23.9,52.1,'2024-11-08 00:05:27'),(2870,23.9,52.1,'2024-11-08 00:05:33'),(2871,23.9,52.2,'2024-11-08 00:05:39'),(2872,23.9,52.2,'2024-11-08 00:05:45'),(2873,23.9,52.2,'2024-11-08 00:05:53'),(2874,23.9,52.2,'2024-11-08 00:05:59'),(2875,23.9,52.2,'2024-11-08 00:06:05'),(2876,23.8,52.2,'2024-11-08 00:06:16'),(2877,23.8,52.2,'2024-11-08 00:06:27'),(2878,23.8,52.2,'2024-11-08 00:06:36'),(2879,23.8,52.3,'2024-11-08 00:06:48'),(2880,23.8,52.3,'2024-11-08 00:06:54'),(2881,23.8,52.3,'2024-11-08 00:07:05'),(2882,23.8,52.4,'2024-11-08 00:07:15'),(2883,23.8,52.3,'2024-11-08 00:07:32'),(2884,23.8,52.3,'2024-11-08 00:07:50'),(2885,23.7,52.3,'2024-11-08 00:07:56'),(2886,23.8,52.3,'2024-11-08 00:08:16'),(2887,23.7,52.4,'2024-11-08 00:08:16'),(2888,23.7,52.4,'2024-11-08 00:08:22'),(2889,23.7,52.7,'2024-11-08 00:08:55'),(2890,23.6,52.7,'2024-11-08 00:09:20'),(2891,23.6,52.7,'2024-11-08 00:09:25'),(2892,23.7,52.6,'2024-11-08 00:09:41'),(2893,23.7,52.6,'2024-11-08 00:10:08'),(2894,23.7,52.7,'2024-11-08 00:10:09'),(2895,23.7,52.7,'2024-11-08 00:10:14'),(2896,23.8,52.7,'2024-11-08 00:10:31'),(2897,23.8,52.7,'2024-11-08 00:10:37'),(2898,23.8,52.7,'2024-11-08 00:10:43'),(2899,23.8,52.7,'2024-11-08 00:10:49'),(2900,23.8,52.7,'2024-11-08 00:10:55'),(2901,23.8,52.7,'2024-11-08 00:11:01'),(2902,23.8,52.7,'2024-11-08 00:11:09'),(2903,23.9,52.7,'2024-11-08 00:11:26'),(2904,23.9,52.7,'2024-11-08 00:11:33'),(2905,23.9,52.7,'2024-11-08 00:11:39'),(2906,23.9,52.6,'2024-11-08 00:11:45'),(2907,23.9,52.6,'2024-11-08 00:12:01'),(2908,23.9,52.6,'2024-11-08 00:12:03'),(2909,23.9,52.6,'2024-11-08 00:12:09'),(2910,23.9,52.5,'2024-11-08 00:12:15'),(2911,23.9,52.5,'2024-11-08 00:12:21'),(2912,23.9,52.4,'2024-11-08 00:12:29'),(2913,23.9,52.4,'2024-11-08 00:12:35'),(2914,23.8,52.4,'2024-11-08 00:12:44'),(2915,23.8,52.4,'2024-11-08 00:12:50'),(2916,23.8,52.4,'2024-11-08 00:12:56'),(2917,23.8,52.5,'2024-11-08 00:13:03'),(2918,23.8,52.5,'2024-11-08 00:13:09'),(2919,23.8,52.5,'2024-11-08 00:13:15'),(2920,23.8,52.5,'2024-11-08 00:13:23'),(2921,23.8,52.5,'2024-11-08 00:13:28'),(2922,23.8,52.5,'2024-11-08 00:13:34'),(2923,23.9,52.6,'2024-11-08 00:14:36'),(2924,23.9,52.6,'2024-11-08 00:14:53'),(2925,23.9,52.6,'2024-11-08 00:15:06'),(2926,23.9,52.6,'2024-11-08 00:15:07'),(2927,23.9,52.6,'2024-11-08 00:15:24'),(2928,23.9,52.5,'2024-11-08 00:15:30'),(2929,23.9,52.5,'2024-11-08 00:15:33'),(2930,23.9,52.5,'2024-11-08 00:15:36'),(2931,23.9,52.5,'2024-11-08 00:15:42'),(2932,23.9,52.5,'2024-11-08 00:15:48'),(2933,23.9,52.5,'2024-11-08 00:15:55'),(2934,23.9,52.5,'2024-11-08 00:16:01'),(2935,23.9,52.5,'2024-11-08 00:16:07'),(2936,23.9,52.5,'2024-11-08 00:16:13'),(2937,23.9,52.5,'2024-11-08 00:16:24'),(2938,23.9,52.5,'2024-11-08 00:16:30'),(2939,23.9,52.5,'2024-11-08 00:16:36'),(2940,23.9,52.5,'2024-11-08 00:16:43'),(2941,23.9,52.5,'2024-11-08 00:16:53'),(2942,23.9,52.5,'2024-11-08 00:17:04'),(2943,23.9,52.5,'2024-11-08 00:17:10'),(2944,23.9,52.4,'2024-11-08 00:17:16'),(2945,23.9,52.4,'2024-11-08 00:17:22'),(2946,23.9,52.4,'2024-11-08 00:17:28'),(2947,23.9,52.4,'2024-11-08 00:17:35'),(2948,23.9,52.3,'2024-11-08 00:17:51'),(2949,23.9,52.3,'2024-11-08 00:17:57'),(2950,24,52.3,'2024-11-08 00:18:03'),(2951,24,52.4,'2024-11-08 00:18:10'),(2952,24,52.4,'2024-11-08 00:18:16'),(2953,24,52.4,'2024-11-08 00:18:22'),(2954,24,52.5,'2024-11-08 00:18:28'),(2955,24,52.6,'2024-11-08 00:18:39'),(2956,22.2,51.3,'2024-11-08 00:19:44'),(2957,21.4,53.4,'2024-11-08 00:20:12'),(2958,21.3,54.5,'2024-11-08 00:20:20'),(2959,21.3,55.4,'2024-11-08 00:20:31'),(2960,21.5,56.1,'2024-11-08 00:20:38'),(2961,21.5,56.3,'2024-11-08 00:20:44'),(2962,21.6,56.5,'2024-11-08 00:20:50'),(2963,21.7,56.6,'2024-11-08 00:20:57'),(2964,21.8,56.7,'2024-11-08 00:21:04'),(2965,21.9,56.6,'2024-11-08 00:21:10'),(2966,21.9,56.5,'2024-11-08 00:21:15'),(2967,22,56.2,'2024-11-08 00:21:22'),(2968,22,56.3,'2024-11-08 00:21:28'),(2969,22.1,56.3,'2024-11-08 00:21:33'),(2970,22.2,56.5,'2024-11-08 00:21:39'),(2971,22.3,56.6,'2024-11-08 00:21:45'),(2972,22.4,56.4,'2024-11-08 00:21:51'),(2973,22.5,56.3,'2024-11-08 00:21:57'),(2974,22.6,56.2,'2024-11-08 00:22:03'),(2975,22.6,56,'2024-11-08 00:22:09'),(2976,22.7,55.8,'2024-11-08 00:22:16'),(2977,22.8,55.7,'2024-11-08 00:22:22');
/*!40000 ALTER TABLE `temperaturas` ENABLE KEYS */;
UNLOCK TABLES;

--
-- Table structure for table `usuarios`
--

DROP TABLE IF EXISTS `usuarios`;
/*!40101 SET @saved_cs_client     = @@character_set_client */;
/*!50503 SET character_set_client = utf8mb4 */;
CREATE TABLE `usuarios` (
  `id_usuario` int NOT NULL AUTO_INCREMENT,
  `nombre_usuario` varchar(50) CHARACTER SET latin1 COLLATE latin1_swedish_ci NOT NULL,
  `password` varchar(255) CHARACTER SET latin1 COLLATE latin1_swedish_ci NOT NULL,
  `rol` varchar(50) CHARACTER SET latin1 COLLATE latin1_swedish_ci NOT NULL,
  PRIMARY KEY (`id_usuario`),
  UNIQUE KEY `nombre_usuario_UNIQUE` (`nombre_usuario`)
) ENGINE=InnoDB AUTO_INCREMENT=15 DEFAULT CHARSET=latin1 COLLATE=latin1_spanish_ci;
/*!40101 SET character_set_client = @saved_cs_client */;

--
-- Dumping data for table `usuarios`
--

LOCK TABLES `usuarios` WRITE;
/*!40000 ALTER TABLE `usuarios` DISABLE KEYS */;
INSERT INTO `usuarios` VALUES (1,'Duvan','$2a$12$/S5utUy9UE12kxYPGwcFBOnKDhkB3bPYjgIPKzdOWRCNw0WjCHOmW','1'),(2,'Jorge','$2a$12$YRN5Ui6UJzipc/SkppfkneG/HRgLvKg3CFJLpn0p4A2FUM8EJ4c.a','1'),(3,'Yulieth','$2a$12$HERZgDDjM2I4glZvHZZDMOPWo.X.bT6nDsa.dXV.tMBO9/D1dU8aW','1'),(4,'Hernan','$2a$12$1KFTnXBntecmtf/qfdtkL.NFVjoOUWvZMWFRD.LMUzP6ePmKU8576','2'),(5,'Edrian','$2a$12$J3NOnJPBCzFRGlltozGVAuQnN3qdFK22U.duBtyYfHRl9UVm9yy5O','2'),(6,'Nicolas','$2a$12$xv8V2sMDBKs35qDPHfjPq.0x87dAOqrW8oOsDZhQqVirdZYhOxvTq','3'),(7,'Jerson','$2a$12$c0bchHQJz9r.vsvCt1ad0.jnwHlQPli6E1.EtX.A1RkGOe0jC3a02','3'),(14,'Giorgio','$2a$12$aCOy8zhvQPt6AhlqZmDOpOPYGcW6RiftCrdwYygq3P4DGqp6IAWmW','4');
/*!40000 ALTER TABLE `usuarios` ENABLE KEYS */;
UNLOCK TABLES;

--
-- Dumping events for database 'academugod'
--

--
-- Dumping routines for database 'academugod'
--
/*!40103 SET TIME_ZONE=@OLD_TIME_ZONE */;

/*!40101 SET SQL_MODE=@OLD_SQL_MODE */;
/*!40014 SET FOREIGN_KEY_CHECKS=@OLD_FOREIGN_KEY_CHECKS */;
/*!40014 SET UNIQUE_CHECKS=@OLD_UNIQUE_CHECKS */;
/*!40101 SET CHARACTER_SET_CLIENT=@OLD_CHARACTER_SET_CLIENT */;
/*!40101 SET CHARACTER_SET_RESULTS=@OLD_CHARACTER_SET_RESULTS */;
/*!40101 SET COLLATION_CONNECTION=@OLD_COLLATION_CONNECTION */;
/*!40111 SET SQL_NOTES=@OLD_SQL_NOTES */;

-- Dump completed on 2024-11-27 17:20:08
